[{"model": "admin.logentry", "pk": 1, "fields": {"action_time": "2025-11-22T11:19:31.512Z", "user": 1, "content_type": 7, "object_id": "1", "object_repr": "Cluster 1", "action_flag": 1, "change_message": "[{\"added\": {}}]"}}, {"model": "admin.logentry", "pk": 2, "fields": {"action_time": "2025-11-22T11:19:57.850Z", "user": 1, "content_type": 10, "object_id": "1", "object_repr": "Таджикский язык", "action_flag": 1, "change_message": "[{\"added\": {}}]"}}, {"model": "admin.logentry", "pk": 3, "fields": {"action_time": "2025-11-22T11:20:34.878Z", "user": 1, "content_type": 8, "object_id": "1", "object_repr": "Исм чист?", "action_flag": 1, "change_message": "[{\"added\": {}}]"}}, {"model": "admin.logentry", "pk": 4, "fields": {"action_time": "2025-11-22T13:04:26.622Z", "user": 1, "content_type": 9, "object_id": "1", "object_repr": "А. Исм", "action_flag": 1, "change_message": "[{\"added\": {}}]"}}, {"model": "admin.logentry", "pk": 5, "fields": {"action_time": "2025-11-23T05:49:12.259Z", "user": 1, "content_type": 9, "object_id": "2", "object_repr": "Ism", "action_flag": 1, "change_message": "[{\"added\": {}}]"}}, {"model": "admin.logentry", "pk": 6, "fields": {"action_time": "2025-11-23T05:49:24.224Z", "user": 1, "content_type": 9, "object_id": "3", "object_repr": "Sufat", "action_flag": 1, "change_message": "[{\"added\": {}}]"}}, {"model": "admin.logentry", "pk": 7, "fields": {"action_time": "2025-11-23T06:03:01.397Z", "user": 1, "content_type": 10, "object_id": "2", "object_repr": "Химия", "action_flag": 1, "change_message": "[{\"added\": {}}]"}}, {"model": "admin.logentry", "pk": 8, "fields": {"action_time": "2025-11-23T06:03:12.290Z", "user": 1, "content_type": 10, "object_id": "3", "object_repr": "Физика", "action_flag": 1, "change_message": "[{\"added\": {}}]"}}, {"model": "admin.logentry", "pk": 9, "fields": {"action_time": "2025-11-23T06:03:24.494Z", "user": 1, "content_type": 10, "object_id": "4", "object_repr": "Математика", "action_flag": 1, "change_message": "[{\"added\": {}}]"}}, {"model": "admin.logentry", "pk": 10, "fields": {"action_time": "2025-11-23T13:07:53.970Z", "user": 1, "content_type": 8, "object_id": "2", "object_repr": "Who are Newton?", "action_flag": 1, "change_message": "[{\"added\": {}}]"}}, {"model": "admin.logentry", "pk": 11, "fields": {"action_time": "2025-11-23T13:08:13.416Z", "user": 1, "content_type": 9, "object_id": "4", "object_repr": "Химик", "action_flag": 1, "change_message": "[{\"added\": {}}]"}}, {"model": "admin.logentry", "pk": 12, "fields": {"action_time": "2025-11-23T13:08:25.142Z", "user": 1, "content_type": 9, "object_id": "5", "object_repr": "Физик", "action_flag": 1, "change_message": "[{\"added\": {}}]"}}, {"model": "admin.logentry", "pk": 13, "fields": {"action_time": "2025-11-23T13:08:40.704Z", "user": 1, "content_type": 9, "object_id": "6", "object_repr": "Филосов", "action_flag": 1, "change_message": "[{\"added\": {}}]"}}, {"model": "admin.logentry", "pk": 14, "fields": {"action_time": "2025-11-23T13:08:49.976Z", "user": 1, "content_type": 9, "object_id": "7", "object_repr": "Вор", "action_flag": 1, "change_message": "[{\"added\": {}}]"}}, {"model": "admin.logentry", "pk": 15, "fields": {"action_time": "2025-11-23T13:09:19.009Z", "user": 1, "content_type": 8, "object_id": "3", "object_repr": "H20 это?", "action_flag": 1, "change_message": "[{\"added\": {}}]"}}, {"model": "admin.logentry", "pk": 16, "fields": {"action_time": "2025-11-23T13:09:32.196Z", "user": 1, "content_type": 9, "object_id": "8", "object_repr": "Вода", "action_flag": 1, "change_message": "[{\"added\": {}}]"}}, {"model": "admin.logentry", "pk": 17, "fields": {"action_time": "2025-11-23T13:09:44.576Z", "user": 1, "content_type": 9, "object_id": "9", "object_repr": "земля", "action_flag": 1, "change_message": "[{\"added\": {}}]"}}, {"model": "admin.logentry", "pk": 18, "fields": {"action_time": "2025-11-23T13:10:02.627Z", "user": 1, "content_type": 9, "object_id": "10", "object_repr": "огонь воздух", "action_flag": 1, "change_message": "[{\"added\": {}}]"}}, {"model": "admin.logentry", "pk": 19, "fields": {"action_time": "2025-11-23T13:10:11.035Z", "user": 1, "content_type": 9, "object_id": "10", "object_repr": "огонь", "action_flag": 2, "change_message": "[{\"changed\": {\"fields\": [\"Text\"]}}]"}}, {"model": "admin.logentry", "pk": 20, "fields": {"action_time": "2025-11-23T13:10:17.764Z", "user": 1, "content_type": 9, "object_id": "11", "object_repr": "воздух", "action_flag": 1, "change_message": "[{\"added\": {}}]"}}, {"model": "admin.logentry", "pk": 21, "fields": {"action_time": "2025-11-23T13:10:42.081Z", "user": 1, "content_type": 8, "object_id": "4", "object_repr": "2+2?", "action_flag": 1, "change_message": "[{\"added\": {}}]"}}, {"model": "admin.logentry", "pk": 22, "fields": {"action_time": "2025-11-23T13:10:50.339Z", "user": 1, "content_type": 9, "object_id": "12", "object_repr": "5", "action_flag": 1, "change_message": "[{\"added\": {}}]"}}, {"model": "admin.logentry", "pk": 23, "fields": {"action_time": "2025-11-23T13:10:56.483Z", "user": 1, "content_type": 9, "object_id": "13", "object_repr": "3", "action_flag": 1, "change_message": "[{\"added\": {}}]"}}, {"model": "admin.logentry", "pk": 24, "fields": {"action_time": "2025-11-23T13:11:05.474Z", "user": 1, "content_type": 9, "object_id": "14", "object_repr": "4", "action_flag": 1, "change_message": "[{\"added\": {}}]"}}, {"model": "admin.logentry", "pk": 25, "fields": {"action_time": "2025-11-23T13:11:13.689Z", "user": 1, "content_type": 9, "object_id": "15", "object_repr": "25", "action_flag": 1, "change_message": "[{\"added\": {}}]"}}, {"model": "admin.logentry", "pk": 26, "fields": {"action_time": "2025-11-23T18:41:27.385Z", "user": 1, "content_type": 7, "object_id": "2", "object_repr": "Cluster 2", "action_flag": 1, "change_message": "[{\"added\": {}}]"}}, {"model": "admin.logentry", "pk": 27, "fields": {"action_time": "2025-11-23T18:41:42.856Z", "user": 1, "content_type": 10, "object_id": "5", "object_repr": "География", "action_flag": 1, "change_message": "[{\"added\": {}}]"}}, {"model": "admin.logentry", "pk": 28, "fields": {"action_time": "2025-11-23T18:41:53.016Z", "user": 1, "content_type": 10, "object_id": "6", "object_repr": "Математика", "action_flag": 1, "change_message": "[{\"added\": {}}]"}}, {"model": "admin.logentry", "pk": 29, "fields": {"action_time": "2025-11-23T18:42:02.981Z", "user": 1, "content_type": 10, "object_id": "7", "object_repr": "Таджикский язык", "action_flag": 1, "change_message": "[{\"added\": {}}]"}}, {"model": "admin.logentry", "pk": 30, "fields": {"action_time": "2025-11-23T18:42:19.533Z", "user": 1, "content_type": 10, "object_id": "8", "object_repr": "Английский язык", "action_flag": 1, "change_message": "[{\"added\": {}}]"}}, {"model": "admin.logentry", "pk": 31, "fields": {"action_time": "2025-11-23T19:19:35.085Z", "user": 1, "content_type": 7, "object_id": "1", "object_repr": "Кластер 1", "action_flag": 2, "change_message": "[{\"changed\": {\"fields\": [\"Name\"]}}]"}}, {"model": "admin.logentry", "pk": 32, "fields": {"action_time": "2025-11-23T19:19:54.194Z", "user": 1, "content_type": 7, "object_id": "2", "object_repr": "Кластер 2", "action_flag": 2, "change_message": "[{\"changed\": {\"fields\": [\"Name\"]}}]"}}, {"model": "admin.logentry", "pk": 33, "fields": {"action_time": "2025-11-24T02:54:16.981Z", "user": 1, "content_type": 8, "object_id": "5", "object_repr": "Сифат чист?", "action_flag": 1, "change_message": "[{\"added\": {}}]"}}, {"model": "admin.logentry", "pk": 34, "fields": {"action_time": "2025-11-24T02:54:32.440Z", "user": 1, "content_type": 9, "object_id": "16", "object_repr": "Сифат", "action_flag": 1, "change_message": "[{\"added\": {}}]"}}, {"model": "admin.logentry", "pk": 35, "fields": {"action_time": "2025-11-24T02:54:41.881Z", "user": 1, "content_type": 9, "object_id": "17", "object_repr": "Исм", "action_flag": 1, "change_message": "[{\"added\": {}}]"}}, {"model": "admin.logentry", "pk": 36, "fields": {"action_time": "2025-11-24T02:54:53.409Z", "user": 1, "content_type": 9, "object_id": "18", "object_repr": "глагол", "action_flag": 1, "change_message": "[{\"added\": {}}]"}}, {"model": "admin.logentry", "pk": 37, "fields": {"action_time": "2025-11-24T02:55:10.843Z", "user": 1, "content_type": 9, "object_id": "19", "object_repr": "Феъл", "action_flag": 1, "change_message": "[{\"added\": {}}]"}}, {"model": "sessions.session", "pk": "irjn7i1egg85i63sojb2r8c2ct7mqcg1", "fields": {"session_data": ".eJxVjMsOwiAQRf-FtSHDCFNw6b7fQHgMUjU0Ke3K-O_apAvd3nPOfQkftrX6rfPipywuQonT7xZDenDbQb6Hdptlmtu6TFHuijxol-Oc-Xk93L-DGnr91kSmZIMO80Cao6OgGQj1oM5klXaANgMyOEMYCqYCiNoyMMYCRkXx_gCxxDar:1vNV2L:-E795UvzXVQubKqK1By8PCtoUg8goxKQxN7tZH-rVuw", "expire_date": "2025-12-08T11:47:17.454Z"}}, {"model": "test_center.cluster", "pk": 1, "fields": {"name": "Кластер 1"}}, {"model": "test_center.cluster", "pk": 2, "fields": {"name": "Кластер 2"}}, {"model": "test_center.subject", "pk": 1, "fields": {"cluster": 1, "name": "Таджикский язык"}}, {"model": "test_center.subject", "pk": 2, "fields": {"cluster": 1, "name": "Химия"}}, {"model": "test_center.subject", "pk": 3, "fields": {"cluster": 1, "name": "Физика"}}, {"model": "test_center.subject", "pk": 4, "fields": {"cluster": 1, "name": "Математика"}}, {"model": "test_center.subject", "pk": 5, "fields": {"cluster": 2, "name": "География"}}, {"model": "test_center.subject", "pk": 6, "fields": {"cluster": 2, "name": "Математика"}}, {"model": "test_center.subject", "pk": 7, "fields": {"cluster": 2, "name": "Таджикский язык"}}, {"model": "test_center.subject", "pk": 8, "fields": {"cluster": 2, "name": "Английский язык"}}, {"model": "test_center.question", "pk": 1, "fields": {"subject": 1, "text": "Исм чист?"}}, {"model": "test_center.question", "pk": 2, "fields": {"subject": 3, "text": "Who are Newton?"}}, {"model": "test_center.question", "pk": 3, "fields": {"subject": 2, "text": "H20 это?"}}, {"model": "test_center.question", "pk": 4, "fields": {"subject": 4, "text": "2+2?"}}, {"model": "test_center.question", "pk": 5, "fields": {"subject": 1, "text": "Сифат чист?"}}, {"model": "test_center.answer", "pk": 1, "fields": {"question": 1, "text": "А. Исм", "is_correct": false}}, {"model": "test_center.answer", "pk": 2, "fields": {"question": 1, "text": "Ism", "is_correct": true}}, {"model": "test_center.answer", "pk": 3, "fields": {"question": 1, "text": "Sufat", "is_correct": false}}, {"model": "test_center.answer", "pk": 4, "fields": {"question": 2, "text": "Химик", "is_correct": false}}, {"model": "test_center.answer", "pk": 5, "fields": {"question": 2, "text": "Физик", "is_correct": true}}, {"model": "test_center.answer", "pk": 6, "fields": {"question": 2, "text": "Филосов", "is_correct": false}}, {"model": "test_center.answer", "pk": 7, "fields": {"question": 2, "text": "Вор", "is_correct": false}}, {"model": "test_center.answer", "pk": 8, "fields": {"question": 3, "text": "Вода", "is_correct": true}}, {"model": "test_center.answer", "pk": 9, "fields": {"question": 3, "text": "земля", "is_correct": false}}, {"model": "test_center.answer", "pk": 10, "fields": {"question": 3, "text": "огонь", "is_correct": false}}, {"model": "test_center.answer", "pk": 11, "fields": {"question": 3, "text": "воздух", "is_correct": false}}, {"model": "test_center.answer", "pk": 12, "fields": {"question": 4, "text": "5", "is_correct": false}}, {"model": "test_center.answer", "pk": 13, "fields": {"question": 4, "text": "3", "is_correct": false}}, {"model": "test_center.answer", "pk": 14, "fields": {"question": 4, "text": "4", "is_correct": true}}, {"model": "test_center.answer", "pk": 15, "fields": {"question": 4, "text": "25", "is_correct": false}}, {"model": "test_center.answer", "pk": 16, "fields": {"question": 5, "text": "Сифат", "is_correct": true}}, {"model": "test_center.answer", "pk": 17, "fields": {"question": 5, "text": "Исм", "is_correct": false}}, {"model": "test_center.answer", "pk": 18, "fields": {"question": 5, "text": "глагол", "is_correct": false}}, {"model": "test_center.answer", "pk": 19, "fields": {"question": 5, "text": "Феъл", "is_correct": false}}, {"model": "test_center.testresult", "pk": 71, "fields": {"user": 1, "cluster": 1, "subject": 1, "score": 1, "total": 1, "attempt": 1, "created_at": "2025-11-24T02:37:51.550Z"}}, {"model": "test_center.testresult", "pk": 72, "fields": {"user": 1, "cluster": 1, "subject": 2, "score": 1, "total": 1, "attempt": 1, "created_at": "2025-11-24T02:37:55.372Z"}}, {"model": "test_center.testresult", "pk": 73, "fields": {"user": 1, "cluster": 1, "subject": 3, "score": 1, "total": 1, "attempt": 1, "created_at": "2025-11-24T02:37:59.330Z"}}, {"model": "test_center.testresult", "pk": 74, "fields": {"user": 1, "cluster": 1, "subject": 4, "score": 1, "total": 1, "attempt": 1, "created_at": "2025-11-24T02:38:03.350Z"}}, {"model": "test_center.testresult", "pk": 75, "fields": {"user": 1, "cluster": 1, "subject": 1, "score": 1, "total": 1, "attempt": 2, "created_at": "2025-11-24T02:45:33.159Z"}}, {"model": "test_center.testresult", "pk": 76, "fields": {"user": 1, "cluster": 1, "subject": 2, "score": 1, "total": 1, "attempt": 2, "created_at": "2025-11-24T02:45:36.610Z"}}, {"model": "test_center.testresult", "pk": 77, "fields": {"user": 1, "cluster": 1, "subject": 3, "score": 1, "total": 1, "attempt": 2, "created_at": "2025-11-24T02:45:41.845Z"}}, {"model": "test_center.testresult", "pk": 78, "fields": {"user": 1, "cluster": 1, "subject": 4, "score": 1, "total": 1, "attempt": 2, "created_at": "2025-11-24T02:45:46.377Z"}}, {"model": "test_center.testresult", "pk": 79, "fields": {"user": 1, "cluster": 1, "subject": 1, "score": 0, "total": 1, "attempt": 3, "created_at": "2025-11-24T02:46:44.706Z"}}, {"model": "test_center.testresult", "pk": 80, "fields": {"user": 1, "cluster": 1, "subject": 2, "score": 1, "total": 1, "attempt": 3, "created_at": "2025-11-24T02:46:48.748Z"}}, {"model": "test_center.testresult", "pk": 81, "fields": {"user": 1, "cluster": 1, "subject": 3, "score": 0, "total": 1, "attempt": 3, "created_at": "2025-11-24T02:46:52.854Z"}}, {"model": "test_center.testresult", "pk": 82, "fields": {"user": 1, "cluster": 1, "subject": 4, "score": 1, "total": 1, "attempt": 3, "created_at": "2025-11-24T02:46:57.606Z"}}, {"model": "test_center.testresult", "pk": 83, "fields": {"user": 1, "cluster": 1, "subject": 1, "score": 2, "total": 2, "attempt": 4, "created_at": "2025-11-24T02:55:23.316Z"}}, {"model": "test_center.testresult", "pk": 84, "fields": {"user": 1, "cluster": 1, "subject": 2, "score": 1, "total": 1, "attempt": 4, "created_at": "2025-11-24T02:55:32.705Z"}}, {"model": "test_center.testresult", "pk": 85, "fields": {"user": 1, "cluster": 1, "subject": 3, "score": 1, "total": 1, "attempt": 4, "created_at": "2025-11-24T02:55:39.629Z"}}, {"model": "test_center.testresult", "pk": 86, "fields": {"user": 1, "cluster": 1, "subject": 4, "score": 1, "total": 1, "attempt": 4, "created_at": "2025-11-24T02:55:43.479Z"}}, {"model": "test_center.testresult", "pk": 87, "fields": {"user": 1, "cluster": 1, "subject": 1, "score": 2, "total": 2, "attempt": 5, "created_at": "2025-11-24T02:55:50.695Z"}}, {"model": "test_center.testresult", "pk": 88, "fields": {"user": 1, "cluster": 1, "subject": 2, "score": 1, "total": 1, "attempt": 5, "created_at": "2025-11-24T02:55:55.062Z"}}, {"model": "test_center.testresult", "pk": 89, "fields": {"user": 1, "cluster": 1, "subject": 3, "score": 1, "total": 1, "attempt": 5, "created_at": "2025-11-24T02:55:58.704Z"}}, {"model": "test_center.testresult", "pk": 90, "fields": {"user": 1, "cluster": 1, "subject": 4, "score": 1, "total": 1, "attempt": 5, "created_at": "2025-11-24T02:56:01.673Z"}}, {"model": "test_center.testresult", "pk": 91, "fields": {"user": 1, "cluster": 1, "subject": 1, "score": 2, "total": 2, "attempt": 6, "created_at": "2025-11-24T03:00:20.293Z"}}, {"model": "test_center.testresult", "pk": 92, "fields": {"user": 1, "cluster": 1, "subject": 2, "score": 1, "total": 1, "attempt": 6, "created_at": "2025-11-24T03:00:26.654Z"}}, {"model": "test_center.testresult", "pk": 93, "fields": {"user": 1, "cluster": 1, "subject": 3, "score": 1, "total": 1, "attempt": 6, "created_at": "2025-11-24T03:00:30.019Z"}}, {"model": "test_center.testresult", "pk": 94, "fields": {"user": 1, "cluster": 1, "subject": 4, "score": 1, "total": 1, "attempt": 6, "created_at": "2025-11-24T03:00:34.443Z"}}, {"model": "test_center.testresult", "pk": 95, "fields": {"user": 1, "cluster": 1, "subject": 1, "score": 2, "total": 2, "attempt": 7, "created_at": "2025-11-24T11:47:38.608Z"}}, {"model": "test_center.testresult", "pk": 96, "fields": {"user": 1, "cluster": 1, "subject": 2, "score": 1, "total": 1, "attempt": 7, "created_at": "2025-11-24T11:47:41.650Z"}}, {"model": "test_center.testresult", "pk": 97, "fields": {"user": 1, "cluster": 1, "subject": 3, "score": 1, "total": 1, "attempt": 7, "created_at": "2025-11-24T11:47:44.655Z"}}, {"model": "test_center.testresult", "pk": 98, "fields": {"user": 1, "cluster": 1, "subject": 4, "score": 1, "total": 1, "attempt": 7, "created_at": "2025-11-24T11:47:49.996Z"}}]